{"cameraMode":{"drawMode":0,"name":"Shaded","section":"Shading Mode"},"sceneLighting":false,"audioPlay":false,"sceneViewState":{"m_AlwaysRefresh":false,"showFog":true,"showSkybox":false,"showFlares":true,"showImageEffects":true,"showParticleSystems":true,"showVisualEffectGraphs":true,"m_FxEnabled":true},"in2DMode":false,"pivot":{"x":1.1911160945892335,"y":2.000000238418579,"z":-1.1911123991012574},"rotation":{"x":0.012881887145340443,"y":0.04947606474161148,"z":-0.0006380070117302239,"w":0.9986953735351563},"size":4.691318988800049,"orthographic":false}